{
  "project_info": {
    "project_number": "341393091152",
    "firebase_url": "https://checkthis-dc4c0.firebaseio.com",
    "project_id": "checkthis-dc4c0",
    "storage_bucket": "checkthis-dc4c0.appspot.com"
  },
  "client": [
    {
      "client_info": {
        "mobilesdk_app_id": "1:341393091152:android:ed9990f6008d28f7",
        "android_client_info": {
          "package_name": "com.example.checkthis"
        }
      },
      "oauth_client": [
        {
          "client_id": "341393091152-lqq1op6q1hdpgpl5h9gnrtl653en14j9.apps.googleusercontent.com",
          "client_type": 3
        }
      ],
      "api_key": [
        {
          "current_key": "AIzaSyD1JE7-3zZKDY4Zb1Jb1vUy9eVOuV_MSXc"
        }
      ],
      "services": {
        "appinvite_service": {
          "other_platform_oauth_client": [
            {
              "client_id": "341393091152-lqq1op6q1hdpgpl5h9gnrtl653en14j9.apps.googleusercontent.com",
              "client_type": 3
            }
          ]
        }
      }
    }
  ],
  "configuration_version": "1"
}